"","YQ","p","d","revenue","cost_of_revenue","gross_profit","operating_expenses","selling_general_administrative","depreciation_amortization","other_operating_expenses","operating_income_loss","non_operating_income_loss","interest_expense_net","pretax_income_loss_adj","abnormal_gains_losses","pretax_income_loss","income_tax_expense_benefit_net","income_loss_from_continuing_operations","income_loss_incl_minority_interest","minority_interest","net_income","net_income_common","cash_cash_equivalents_short_term_investments","cash_cash_equivalents","accounts_notes_receivable","accounts_receivable_net","inventories","other_short_term_assets","prepaid_expenses","total_current_assets","property_plant_equipment_net","other_long_term_assets","misc_long_term_assets","total_noncurrent_assets","total_assets","payables_accruals","accounts_payable","other_payables_accruals","other_short_term_liabilities","deferred_revenue_short_term","total_current_liabilities","long_term_debt","other_long_term_liabilities","misc_long_term_liabilities","total_noncurrent_liabilities","total_liabilities","share_capital_additional_paid_in_capital","treasury_stock","retained_earnings","other_equity","equity_before_minority_interest","minority_interest_2","total_equity","total_liabilities_equity","net_income_starting_line","depreciation_amortization_2","non_cash_items","change_in_working_capital","net_cash_from_operating_activities","change_in_fixed_assets_intangibles","net_cash_from_investing_activities","cash_from_repayment_of_debt","other_financing_activities","net_cash_from_financing_activities","net_cash_before_disc_operations_and_fx","net_cash_before_fx","net_change_in_cash","ebitda","total_debt","free_cash_flow","gross_profit_margin","operating_margin","net_profit_margin","return_on_equity","return_on_assets","free_cash_flow_to_net_income","current_ratio","liabilities_to_equity_ratio","debt_ratio","earnings_per_share_basic","earnings_per_share_diluted","sales_per_share","equity_per_share","free_cash_flow_per_share","return_on_invested_capital","cash_return_on_invested_capital","net_debt_ebitda","net_debt_ebit"
"1","2014_Q2",22.9807936507937,"Up",4746443000,-4147684000,598759000,-338738000,-36624000,-33215000,-268899000,260021000,-25255000,-25255000,234766000,-1815000,232951000,-49679000,183272000,183272000,-105828000,77444000,77444000,6251863627.509,6244160979.11316,7031702629.16432,7031702629.16432,7744774560.75202,-2229258718.24576,-102083174.811931,18799082099.1796,3255358865.89578,-531156022.402697,-646416696.733819,2928575426.36398,21727657525.5436,14866099240.6391,3550810337.93654,11315288902.7026,495358445.805122,-27319593.303073,15369194860.8834,3518993270.36183,-202367764.176604,-202532341.301455,3316625506.18522,18685820367.0687,811947233.980963,-186176540.0791,1386011278.81228,-10432900.732286,2001349071.98186,1040488086.49304,3041837158.4749,21727657525.5436,183272000,34848000,23537000,18914000,260571000,-52653000,-52653000,-44661000,-3092000,-47753000,160165000,160165000,160165000,294869000,0,310809000,0.12615,0.05478,0.01632,-3.15789639309711,-1.05517601129743,4.01334,-4.26204546984943,9.02436427067762,-0.116129156804469,1.4297,1.41601,87.62471,16.0145974354725,5.73789,-2.03705415480153,-2.7587420318623,-208.166098938129,-225.698000522047
"2","2014_Q3",20.7009375,"Down",5301709000,-4935456000,366253000,-278397000,-33013000,-34662000,-210722000,87856000,-26202000,-26202000,61654000,-2344000,59310000,-13474000,45836000,45836000,-24876000,20960000,20960000,2850994813.7545,2847143489.55658,3393756814.58216,3393756814.58216,3877344780.37601,-737868859.12288,24658412.5940346,9384227549.58979,2522496932.94789,88908488.7986517,-134046848.366909,2832441213.18199,12216668762.7718,7262530620.31955,1707156668.96827,5555373951.35128,257116722.902561,-15924796.6515365,7523515930.44172,2203499135.18091,275627117.911698,275544829.349272,2479126253.09261,10002642183.5343,1189455116.99048,-161544270.03955,459222139.406139,-17764450.366143,1469368535.99093,744658043.24652,2214026579.23745,12216668762.7718,45836000,36589000,21200000,-198139000,-94513999.9999999,-82476000,-382486000,259836000,297573000,557409000,80409000,80409000,80409000,124445000,0,-142696000,0.06908,0.01657,0.00395,-1.65040819654856,-0.550333005648717,-6.80802,-1.00618773492472,5.11508713533881,0.0866454215977655,0.28894,0.28672,73.08598,14.3136137177362,-1.96712,-1.01596707740077,-1.61327101593115,-95.4312444690644,-99.3275252610235
"3","2014_Q4",20.7059375,"Up",5260003000,-4670908000,589095000,-304974000,-34339000,-68010000,-202625000,284121000,-24374000,-24374000,259747000,5525000,265272000,-95260000,170012000,170012000,-29042000,140970000,140970000,1049021271.2515,1047737496.51886,1384535938.19405,1384535938.19405,1840740260.12534,30599380.2923735,73874804.1980115,4304896849.86326,2108362310.98263,463388496.266217,163541050.544364,2802509404.394,7107406254.25726,3122546206.77318,717622222.989423,2404923983.78376,128117240.96752,-6259598.8838455,3251952976.81391,1491341045.0603,560809372.637233,560781943.116424,2052150417.69754,5304103394.51144,1404535372.33016,-147964423.346517,3246046.46871296,-22161150.1220477,1237655845.33031,565647014.415507,1803302859.74582,7107406254.25726,170012000,70110000,11862000,-65080000,186904000,-121272000,-86172000,100105000,-8395000,59117000,159849000,159849000,159849000,354231000,0,263139000,0.112,0.05402,0.0268,-0.691489398849519,-0.229691001882906,1.86663,0.777267421691762,2.95347237844627,0.194911807199255,1.60332,1.59432,59.82465,14.0151945725787,2.99281,-0.393912359133589,-0.791990338643717,-30.7965381563548,-30.5270550870078
"4","2015_Q1",23.2801639344262,"Up",4.52e+09,-4717155000,-197155000,-288074000,-42685000,-44495000,-200894000,-485229000,-22933000,-22933000,-508162000,6488000,-501674000,180825000,-320849000,-320849000,43238000,-277611000,-277611000,397873000,397873000,551269000,551269000,1102261000,295268000,72900000,2346671000,1936839000,645568000,300389000,2817337000,5164008000,1466060000,335268000,1130792000,76762000,1227000,1542822000,1228069000,699801000,699801000,1927870000,3470692000,1508513000,-142731000,-123271000,-24298000,1218213000,475103000,1693316000,5164008000,-320849000,46662000,512805000,-135254000,103364000,-172277000,-142296000,69672000,-121999.99999997,-40588000,-79520000,-79520000,-79520000,-438567000,1228069000,-926923000,-0.04362,-0.10735,-0.06142,-0.16395,-0.05376,3.33893,1.52103,2.04964,0.23781,-3.33564,-3.40033,54.31012,14.63746,-11.13746,-0.07666,-0.25597,-1.89297,-1.71094
"5","2015_Q2",22.8336507936508,"Down",2995136000,-2502215000,492921000,-320870000,-36046000,-47706000,-237118000,172051000,-22192000,-22192000,149859000,2398000,152257000,-49138000,103119000,103119000,-15798000,87321000,87321000,449480000,449480000,441185000,441185000,1129207000,275259000,49068000,2295131000,1931811000,688731000,330539000,2855481000,5150612000,1312986000,313155000,999831000,71453000,6086000,1384439000,1259233000,739224000,739224000,1998457000,3382896000,1552713000,-143138000,-61683000,-24850000,1323042000,444674000,1767716000,5150612000,103119000,49892000,75474000,-95980000,132505000,-48111000,-48107000,651000,-7302000,-32791000,51607000,51607000,51607000,221943000,1259233000,126990000,0.16457,0.05744,0.02915,0.0494,0.01695,1.45429,1.65781,1.91371,0.24448,1.03611,0.95257,35.53873,15.69853,1.5068,0.03002,0.03372,3.64847,4.70647
"6","2015_Q3",24.85140625,"Up",3550664000,-2994745000,555919000,-282755000,-39223000,-48562000,-194970000,273164000,-26876000,-26876000,246288000,2581000,248869000,-90409000,158460000,158460000,-22649000,135811000,135811000,623822000,623822000,540227000,540227000,1306414000,215109000,39456000,2685572000,1964953000,658848000,316202000,2858050000,5543622000,1495162000,354636000,1140526000,77051000,7218000,1572213000,1361734000,737291000,737291000,2099025000,3671238000,1552210000,-146731000,48316000,-24543000,1429252000,443132000,1872384000,5543622000,158460000,50947000,-26123000.0000001,1886000,185170000,-66163000,-65468000,33333000,-833000.000000004,54640000,174342000,174342000,174342000,324111000,1361734000,350243000,0.15657,0.07693,0.03825,0.07253,0.0245,2.5789,1.70815,1.96073,0.24564,1.57788,1.48199,41.25222,16.6053,4.06918,0.02772,0.08819,2.27673,2.70135
"7","2015_Q4",29.1678125,"Up",3217640000,-2822444000,395196000,-303071000,-51078000,-48133000,-203860000,92125000,-28026000,-28026000,64099000,2921000,67020000,-11525000,55495000,55495000,-12697000,42798000,42798000,472829000,472829000,395624000,395624000,1101182000,333940000,71398000,2303575000,1960149000,609203000,311420000,2803601000,5107176000,1032502000,212772000,819730000,61958000,4174000,1094460000,1381122000,740624000,740624000,2121746000,3216206000,1558329000,-150804000,65372000,-24052000,1448845000,442125000,1890970000,5107176000,55495000,50670000,132701000,-316142000,-77276000,-53365000,-53367000,-14768000,-1509000,-20350000,-150993000,-150993000,-150993000,142795000,1381122000,-215187000,0.12282,0.02863,0.0133,0.02263,0.00838,-5.02797,2.10476,1.70082,0.27043,0.4985,0.46844,37.4785,16.87589,-2.50646,0.01067,-0.05363,6.36082,9.85935
"8","2016_Q1",26.6747540983607,"Down",3360489000,-3162210000,198279000,-376512000,-54919000,-53016000,-268577000,-178233000,-29093000,-29093000,-207326000,21438000,-185888000,64347000,-121541000,-121541000,2012000,-119529000,-119529000,944320000,944320000,454759000,454759000,1174272000,448660000,77474000,3022011000,2356638000,492217000,290713000,3083113000,6105124000,1434842000,315653000,1119189000,60664000,4043000,1495506000,1840355000,673406000,673406000,2513761000,4009267000,1904844000,-150804000,-83454000,-23289000,1647297000,448560000,2095857000,6105124000,-121541000,55495000,314097000,71974000,320025000,-79867000,-645171000,804821000,-8184000,796637000,471491000,471491000,471491000,-122738000,1840355000,-194978000,0.059,-0.05304,-0.03557,-0.05703,-0.01958,1.63122,2.02073,1.91295,0.30144,-1.24218,-1.1732,34.92327,17.11924,-2.02627,-0.02593,-0.0423,-7.30039,-5.02732
"9","2016_Q2",24.261875,"Down",2800185000,-2412095000,388090000,-393514000,-37582000,-55933000,-299999000,-5424000,-37527000,-37527000,-42951000,-2885000,-45836000,22500000,-23336000,-23336000,-6052000,-29388000,-29388000,740321000,740321000,541524000,541524000,1229299000,510213000,156666000,3021357000,2372904000,554990000,366709000,3162302000,6183659000,1532836000,388230000,1144606000,90167000,3154000,1623003000,1845902000,681008000,681008000,2526910000,4149913000,1907562000,-150804000,-141666000,-22696000,1592396000,441350000,2033746000,6183659000,-23336000,58595000,42953000,-98809000,-20597000,-145739000,-145879000,-37523000,-28294754.8267219,-37523000,-203999000,-203999000,-203999000,53171000,1845902000,-213877000,0.13859,-0.00194,-0.0105,-0.01445,-0.00475,7.2777,1.86158,2.04053,0.29851,-0.30046,-0.30046,28.629,16.28061,-2.18667,-0.00644,-0.0469,20.79293,-203.83131
"10","2016_Q3",19.20859375,"Down",3858467000,-3249444000,609023000,-371031000,-43373000,-51060000,-276598000,237992000,-35940000,-35940000,202052000,-4970000.00000001,197082000,-76434000,120648000,120648000,-17118000,103530000,103530000,1549079000,1412935000,647866000,647866000,1308536000,426492000,110828000,3931973000,2504921000,551156000,370429000,3056077000,6988050000,1675634000,373839000,1301795000,90020000,8448000,1901518000,2227848000,682828000,682828000,2910676000,4812194000,1930790000,-150804000,-67478000,-22302000,1690206000,485650000,2175856000,6988050000,120648000,53928000,-104732000,166887000,236731000,-188142000,-89878000,525761000,-41810432.8079794,525761000,672614000,672614000,672614000,291920000,2363712000,347099000,0.15784,0.06168,0.02683,0.04758,0.01482,3.35264,2.06781,2.21163,0.33825,1.0582,0.95052,39.43796,17.27585,3.54775,0.01982,0.06646,2.7906,3.42294
"11","2016_Q4",21.1363492063492,"Up",4513204000,-3862580000,650624000,-512755000,-44020000,-56036000,-412699000,137869000,-38527000,-38527000,99342000,-11225000,88117000,-31673000,56444000,56444000,-14333000,42111000,42111000,685393000,625402000,653638000,653638000,1845595000,362389000,182008000,3547015000,3252234000,666465000,449271000,3918699000,7465714000,1897905000,369731000,1528174000,90164000,12961000,2047733000,2309961000,828660000,828660000,3138621000,5186354000,1967534000,-150804000,-54713000,-21896000,1740121000,539239000,2279360000,7465714000,56444000,58388000,25999000,31247000,172078000,-1087349000,-1011196000,20469000,-19096000,51585000,-787533000,-787533000,-787533000,196257000,2369625000,-828172000,0.14416,0.03055,0.00933,0.01847,0.00564,-19.66641,1.73217,2.27536,0.3174,0.43047,0.40923,46.13531,17.78803,-8.46582,0.02376,-0.15119,8.58177,12.21618
"12","2017_Q1",20.5114516129032,"Down",4748568000,-4074222000,674346000,-533946000,-41344000,-59147000,-433455000,140400000,-38051000,-38051000,102349000,21456000,123805000,-52043000,71762000,71762000,-17204000,54558000,54558000,786298000,746274000,620175000,620175000,1863560000,137222000,137222000,3407255000,3328770000,885902000,506596000,4214672000,7621927000,2003591000,535907000,1467684000,13292000,13292000,2056547000,2108570000,886126000,840427000,2994696000,5051243000,2245882000,-151547000,-44852000,-24439000,2025044000,545640000,2570684000,7621927000,71762000,62037000,-153671000,283594000,263722000,-166949000,-146982000,20405000,34682000,4132000.00000006,120872000,120872000,120872000,202437000,2148234000,371125000,0.14201,0.02957,0.01149,0.02122,0.00716,6.80239,1.65678,1.96494,0.28185,0.54631,0.52062,47.54936,20.27759,3.71623,-0.00597,0.06621,6.7277,9.7004
"13","2017_Q2",19.0549206349206,"Down",4754473000,-4196767000,557706000,-556028000,-43830000,-60932000,-451266000,1678000,-37183000,-37183000,-35505000,-3572000,-39077000,19047000,-20030000,-20030000,-11047000,-31077000,-31077000,346145000,306091000,610213000,610213000,2085958000,82975000,82975000,3125291000,3380082000,1006864000,608077000,4386946000,7512237000,1996850000,380575000,1616275000,3949000,3949000,2000799000,2112113000,887102000,841441000,2999215000,5000014000,2251227000,-151547000,-108829000,-24135000,1966716000,545507000,2512223000,7512237000,-20030000,63527000,-6549000,-202312000,-165364000,-188944000,-188974000,-85845000,20706999.8070513,-85845000,-440183000,-440183000,-440183000,65205000,2112113000,-345098000,0.1173,0.00035,-0.00654,-0.01237,-0.00414,11.10461,1.56202,1.99027,0.28116,-0.28574,-0.28574,43.71512,18.08302,-3.17301,-0.00564,-0.06261,27.08332,1052.42431
"14","2017_Q3",20.8406349206349,"Up",5017225000,-4605693000,411532000,-522551000,-41058000,-68703000,-412790000,-111019000,-40698000,-40698000,-151717000,-24477000,-176194000,72043000,-104151000,-104151000,-5512000,-109663000,-109663000,173031000,173031000,611642000,611642000,1875164000,73262000,73262000,2733099000,3457321000,1290800000,813907000,4748121000,7481220000,2058510000,449199000,1609311000,6161000,6161000,2064671000,2159547000,888009000,837187000,3047556000,5112227000,2256016000,-151547000,-253498000,-23816000,1827155000,541838000,2368993000,7481220000,-104151000,71068000,140922000,22860000.0000001,130699000,-269624000,-239667000,-11678000,-12414000,-24092000,-133060000,-133060000,-133060000,-39951000,2159547000,-358758000,0.08202,-0.02213,-0.02186,-0.04629,-0.01466,3.27146,1.32375,2.15797,0.28866,-1.00812,-1.00812,46.12264,16.79678,-3.29801,-0.02025,-0.06623,-49.72381,-17.89348
"15","2017_Q4",28.1507936507937,"Up",5478951000,-4352061000,1126890000,-539602000,-58259000,-78520000,-402823000,587288000,-36990000,-36990000,550298000,907000,551205000,-203979000,347226000,347226000,-32861000,314365000,314365000,300891000,300891000,776013000,776013000,2310692000,58277000,58277000,3445873000,3480922000,1072662000,804040000,4553584000,7999457000,2281178000,447623000,1833555000,4287000,4287000,2292296000,2158337000,873462000,827122000,3031799000,5324095000,2259432000,-151547000,27952000,-23539000,2112298000,563064000,2675362000,7999457000,347226000,80457000,-71067000,272000,356888000,-181277000,-181277000,-46741000,-1010000,-47751000,127860000,127860000,127860000,667745000,2165168000,690719000,0.20568,0.10719,0.05738,0.1175,0.0393,2.19719,1.50324,1.99005,0.27066,2.82285,2.5386,49.19846,18.96746,6.20234,0.05502,0.12088,2.7919,3.17438000000011
"16","2018_Q1",29.6209836065574,"Up",6535951000,-5709079000,826872000,-571719000,-71353000,-82845000,-417521000,255153000,-39529000,-39529000,215624000,247442000,463066000,-202711000,260355000,260355000,-18380000,241975000,241975000,573021000,573021000,952552000,952552000,2213797000,63589000,63589000,3802959000,3479213000,835821000,782183000,4315034000,8117993000,2393405000,578551000,1814854000,8933000,8933000,2418946000,2175042000,621056000,587901000,2796098000,5215044000,2277834000,-152585000,236786000,-25381000,2336654000,566295000,2902949000,8117993000,260355000,84848000,-183906000,202180000,363477000,-77155000,-77082000,-30936000,7124000,-14312000,272083000,272083000,272083000,340001000,2191650000,667737000,0.12651,0.03904,0.03702,0.08335,0.02981,2.75953,1.57216,1.79646,0.26997,2.19552,2.11849,59.30298,21.20128,6.05861,0.04234,0.11683,4.76066,6.34376
"17","2018_Q2",38.800625,"Up",5802800000,-5132100000,670700000,-574900000,-62800000,-8.6e+07,-426100000,95800000,-43200000,-43200000,52600000,2e+05,52800000,-1.1e+07,41800000,41800000,-11400000,30400000,30400000,362963000,362963000,831055000,831055000,2579744000,87973000,87973000,3861735000,3493021000,927607000,880342000,4420628000,8282363000,2555886000,666806000,1889080000,6362000,6362000,2577690000,2165604000,623244000,590785000,2788848000,5366538000,2294787000,-153602000,233830000,-25134000,2349881000,565944000,2915825000,8282363000,41800000,8.8e+07,-5.1e+07,-164200000,-85400000,-93300000,-93300000,-30300000,-11972485.7191553,-31300000,-2.1e+08,-2.1e+08,-2.1e+08,183800000,2181046000,-62700000,0.11558,0.01651,0.00524,0.01043,0.00367,-2.0625,1.49814,1.84049,0.26334,0.27432,0.2639,52.36221,21.20441,-0.56578,0.00531,-0.01096,9.89164,18.9779
"18","2018_Q3",44.3412698412698,"Up",7444100000,-6452500000,991600000,-568700000,-58700000,-92300000,-417700000,422900000,-43400000,-43400000,379500000,3700000,383200000,-95500000,287700000,287700000,-15600000,272100000,272100000,478329000,478329000,1034074000,1034074000,2540277000,55150000,55150000,4107830000,3560524000,878361000,878361000,4438885000,8546715000,2467978000,637941000,1830037000,4809000,4809000,2477285000,2214042000,683104000,624487000,2897146000,5374431000,2308598000,-153618000,471958000,-25109000,2601829000,570455000,3172284000,8546715000,287700000,94300000,-53200000,64500000.0000001,393300000,-213900000,-271900000,4699999.99999999,-22500000,-6100000.00000001,115300000,115300000,115300000,517200000,2218540000,463300000,0.13321,0.05681,0.03655,0.08577,0.03184,1.70268,1.6582,1.69418,0.25958,2.41037,2.33951,65.94284,23.04805,4.1041,0.0448,0.07628,3.36468,4.11495
"19","2018_Q4",37.8815873015873,"Down",7646300000,-6816100000,830200000,-587700000,-69900000,-93400000,-424400000,242500000,-42300000,-42300000,200200000,53600000,253800000,-61300000,192500000,192500000,-12900000,179600000,179600000,1059200000,1059200000,1067811000,1067811000,2561106000,61489000,61489000,4749606000,3597266000,868538000,868538000,4465804000,9215410000,2634258000,483127000,2151131000,13154000,13154000,2648654000,2175889000,745506000,623100000,2921395000,5570049000,2631296000,-153968000,615540000,-24934000,3067934000,577427000,3645361000,9215410000,192500000,95400000,-21100000,145500000,412300000,-54600000,-54600000,224200000,-2900000,223200000,580900000,580900000,580900000,337900000,2177131000,490100000,0.10858,0.03171,0.02349,0.04927,0.01949,2.72884,1.79321,1.52798,0.23625,1.53391,1.4889,65.30479,26.20232,4.1858,0.02734,0.07462,3.30847,4.61002
"20","2019_Q1",31.8024590163934,"Down",6292900000,-6102700000,190200000,-636400000,-85600000,-9.8e+07,-452800000,-446200000,-4.1e+07,-4.1e+07,-487200000,6200000,-4.81e+08,134300000,-346700000,-346700000,-7100000,-353800000,-353800000,597300000,597300000,718200000,718200000,1865800000,55600000,55600000,3236900000,3820900000,947600000,899100000,4768500000,8005400000,2.112e+09,488400000,1623600000,20100000,20100000,2134500000,1931300000,691100000,650700000,2622400000,4756900000,2633900000,-160800000,225800000,-22400000,2676500000,5.72e+08,3248500000,8005400000,-346700000,100900000,488300000,-124700000,117800000,-323800000,-265800000,-301800000,-5300000,-313900000,-461900000,-461900000,-461900000,-345300000,1933700000,-928100000,0.03022,-0.07091,-0.05622,-0.10891,-0.0442,2.62323,1.51647,1.46434,0.24155,-2.94914,-2.87715,52.4552,22.31028,-7.73629,-0.06024,-0.15802,-3.87026,-2.99507
"21","2019_Q2",28.5526984126984,"Down",5216200000,-4209200000,1.007e+09,-642400000,-57600000,-105800000,-4.79e+08,364600000,-39500000,-39500000,325100000,-3200000,321900000,-80500000,241400000,241400000,-12200000,229200000,229200000,418300000,418300000,869400000,869400000,2566500000,125100000,125100000,3979300000,3875900000,1270900000,1270900000,5146800000,9126100000,2456900000,556200000,1900700000,147500000,66500000,2606900000,2188500000,883900000,813500000,3072400000,5679300000,2722600000,-161800000,419100000,-22200000,2957700000,489100000,3446800000,9126100000,241400000,108600000,-3.91e+08,-108900000,-149900000,-260600000,-260600000,233400000,-1e+06,231500000,-1.79e+08,-1.79e+08,-1.79e+08,473200000,2.191e+09,184200000,0.19305,0.0699,0.04394,0.0665,0.02511,0.80366,1.52645,1.6477,0.24008,1.9119,1.87599,43.51151,24.67198,1.53652,0.03514,0.02824,3.7462,4.86204
"22","2019_Q3",24.7315625,"Down",6.56e+09,-5955800000,604200000,-593900000,-53600000,-107100000,-433200000,10300000,-42100000,-42100000,-31800000.0000001,-300000.000000001,-32099999.9999999,10500000,-21600000,-21600000,-10600000,-32200000.0000001,-32200000.0000001,204100000,204100000,989800000,989800000,2314400000,90700000,90700000,3.599e+09,3919100000,1291600000,1291600000,5210700000,8809700000,2.291e+09,444200000,1846800000,105500000,25300000,2397800000,2029400000,869400000,809300000,2898800000,5296600000,2800500000,-162200000,350800000,-21700000,2967400000,545700000,3513100000,8809700000,-21600000,109800000,2.16e+08,-181700000,122500000,-241300000,-241300000,-93800000.0000001,-1300000,-95400000,-214200000,-214200000,-214200000,120100000,2030700000,-313400000,0.0921,0.00156999999999997,-0.00491,-0.00917,-0.00366,9.73292,1.50096,1.50767,0.23051,-0.26858,-0.264230000000001,54.71689,24.75105,-2.61407,-0.00502,-0.04887,15.20899,177.33981
"23","2019_Q4",30.14140625,"Up",6430500000,-5700200000,730300000,-6.11e+08,-64700000,-109800000,-436500000,119300000,-39700000,-39700000,79600000,28700000,108300000,-2.2e+07,86300000,86300000,-16900000,69400000,69400000,536300000,536300000,879800000,879800000,2130400000,56400000,56400000,3602900000,3975600000,1338900000,1338900000,5314500000,8917400000,2220800000,521200000,1699600000,91300000,13100000,2312100000,2064300000,986700000,905200000,3.051e+09,5363100000,2806900000,-162200000,384300000,-21300000,3007700000,546600000,3554300000,8917400000,86300000,112900000,35600000,224800000,459600000,-91600000,-91600000,-33900000,-3100000,-35800000,332200000,332200000,332200000,232200000,2064300000,387400000,0.11357,0.01855,0.01079,0.01953,0.00778000000000001,5.58213,1.55828,1.5089,0.23149,0.57871,0.57084,53.62247,25.08052,3.23044,0.01051,0.05865,6.58053,12.80805
"24","2020_Q1",22.1498387096774,"Down",6301500000,-5522300000,779200000,-655100000,-108100000,-113400000,-433600000,124100000,-38300000,-38300000,85800000,-4400000,81400000,-12300000,69100000,69100000,-16100000,5.3e+07,5.3e+07,814900000,814900000,8.35e+08,8.35e+08,2122200000,51600000,51600000,3823700000,4023200000,1285500000,1285500000,5308700000,9132400000,2.417e+09,601400000,1815600000,92200000,20100000,2509200000,2083300000,954400000,857500000,3037700000,5546900000,2812400000,-165700000,401200000,-8300000,3039600000,545900000,3585500000,9132400000,69100000,116200000,79400000,236600000,501300000,-119100000,-119100000,81100000.0000001,-36300000,-103600000,278600000,278600000,278600000,240300000,2083300000,370100000,0.12365,0.01969,0.00841000000000001,0.01478,0.0058,6.98302,1.52387,1.54704,0.22812,0.44219,0.43515,52.57468,25.35999,3.08782,0.02967,0.05588,5.2784,10.22079
"25","2020_Q2",9.95349206349206,"Down",5277500000,-5963300000,-685800000,-733800000,-82500000,-119600000,-531700000,-1419600000,-49200000,-49200000,-1468800000,31700000,-1437100000,374600000,-1062500000,-1062500000,-3400000,-1065900000,-1065900000,722100000,722100000,439100000,439100000,986500000,1.62e+08,103600000,2309700000,4995300000,1829100000,1504700000,6824400000,9134100000,1929700000,437100000,1492600000,116200000,36700000,2045900000,3619300000,989400000,944600000,4608700000,6654600000,2825700000,-165700000,-700600000,-11100000,1948300000,531200000,2479500000,9134100000,-1062500000,1.23e+08,834900000,-131200000,-235800000,-1.39e+08,-1315200000,1463600000,30500000,1458200000,-92800000,-92800000,-92800000,-1296600000,3619300000,-1941400000,-0.12995,-0.26899,-0.20197,-0.42989,-0.11669,1.82137,1.12894,2.68385,0.39624,-8.92862,-8.92862,44.20749,16.32013,-16.26233,-0.14531,-0.27389,-2.23446,-2.04086
"26","2020_Q3",8.25734375,"Down",2515800000,-1753100000,762700000,-625100000,-57900000,-125100000,-442100000,137600000,-65500000,-65500000,72099999.9999998,479200000,551300000,-138300000,4.13e+08,4.13e+08,-23900000,389100000,389100000,1225200000,1225200000,4.29e+08,4.29e+08,1620200000,112700000,112700000,3387100000,4988700000,1697500000,1514700000,6686200000,10073300000,1868100000,423400000,1444700000,169100000,20500000,2037200000,4162800000,983600000,942300000,5146400000,7183600000,2832800000,-165700000,-311500000,-10800000,2344800000,544900000,2889700000,10073300000,4.13e+08,1.31e+08,-858700000,-78300000,-3.93e+08,381600000,381600000,587200000,-72700000,514500000,503100000,503100000,503100000,268600000,4162800000,710200000,0.30316,0.05469,0.15466,0.13465,0.03863,1.82524,1.66263,2.48593,0.41325,3.25284,3.1934,21.03185,19.60231,5.93721,0.04842,0.08838,10.93671,21.34884
"27","2020_Q4",6.49328125,"Down",3667500000,-3378600000,288900000,-651500000,-46600000,-1.33e+08,-471900000,-362600000,-70400000,-70400000,-4.33e+08,270800000,-162200000,-235600000,-397800000,-397800000,-19400000,-417200000,-417200000,1282600000,1282600000,464600000,464600000,1485600000,79800000,79800000,3312600000,4957700000,1.921e+09,1.921e+09,6878700000,10191300000,1846800000,212700000,1634100000,109100000,23600000,1955900000,4483100000,1261500000,1167500000,5744600000,7700500000,2841600000,-1.67e+08,-728700000,-10500000,1935400000,555400000,2490800000,10191300000,-397800000,137900000,-12800000,108900000,-163800000,-56700000,-56700000,259700000,-17700000,277900000,57400000,57400000,57400000,-224700000,4483100000,63100000,0.07877,-0.09887,-0.11376,-0.1675,-0.04094,-0.15125,1.69364,3.09158,0.43989,-3.48581,-3.45766,30.64284,16.17073,0.52722,-0.05502,0.00765999999999999,-14.24344,-8.82653
"28","2021_Q1",11.8898360655738,"Up",3655100000,-5650600000,-1995500000,1750600000,-61500000,366400000,1445700000,-244900000,-73100000,-73100000,-3.18e+08,34800000,-283200000,-2800000.00000003,-2.86e+08,-2.86e+08,-12400000,-298400000,-298400000,1609500000,1609500000,512900000,512900000,1686200000,58800000,58800000,3867400000,4843300000,1789100000,1789100000,6632400000,10499800000,2318500000,4.07e+08,1911500000,125600000,47200000,2451500000,4653600000,1192400000,1092800000,5.846e+09,8297500000,2846300000,-167300000,-1027099999,-9100000,1642800001,559500000,2202300001,10499800001,-2.86e+08,189200000,-428700000,686500000,1.61e+08,-36200000.0000001,-82100000,230400000,53500000,2.48e+08,326900000,326900000,326900000,-55700000,4.661e+09,597400000,-0.54595,-0.067,-0.08164,-0.13549,-0.02842,-2.00201,1.57756,3.76765,0.44391,-2.49107,-2.47106,30.51312,13.71425,4.98715,-0.03259,0.07416,-54.78456,-12.46019
"29","2021_Q2",15.3712698412698,"Up",4924800000,-4.191e+09,733800000,-646600000,-47800000,-117500000,-481300000,87200000,-80300000,-80300000,6900000,-37500000,-30600000,8400000,-22200000,-22200000,-19100000,-41300000,-41300000,1541200000,1541200000,863500000,863500000,2312400000,137700000,137700000,4854800000,4828600000,1586700000,1586700000,6415300000,11270100000,3310200000,710600000,2599600000,83500000,21800000,3399300000,4718300000,976400000,884500000,5694700000,9.094e+09,2852800000,-168200000,-1068400000,-9500000,1606700000,569400000,2176100000,11270100000,-22200000,121700000,-345600000,232400000,-13700000,-60500000,-60500000,18900000,-1.3e+07,5900000,-68300000,-68300000,-68300000,208900000,4723900000,372400000,0.149,0.01771,-0.00839,-0.01898,-0.00366,-9.01695,1.42818,4.17904,0.41915,-0.34438,-0.34159,41.06523,13.3974,3.10524,-0.00523999999999999,0.04728,15.23552,36.49885
"30","2021_Q3",10.32828125,"Down",6897900000,-7065800000,-167900000,311400000,-5.5e+07,-114900000,481300000,143500000,-80800000,-80800000,62700000,11700000,74400000,-4500000,69900000,69900000,-2.2e+07,47900000,47900000,1479700000,1479700000,1007800000,1007800000,2636200000,142800000,142800000,5266500000,4834800000,1552900000,1552900000,6387700000,11654200000,3652300000,783300000,2.869e+09,9.5e+07,28800000,3.751e+09,4688100000,968200000,872100000,5656300000,9407300000,2862600000,-168500000,-1020500000,-9200000,1664400000,582500000,2246900000,11654200000,69900000,119200000,-212500000,101800000,78400000,-79100000,-79100000,-42400000,-18400000,-60800000,-61500000,-61500000,-61500000,262700000,4691800000,289900000,-0.0243400000000001,0.0208,0.00694,0.02132,0.00411,6.05219,1.40403,4.18679,0.40258,0.39941,0.39618,57.51784,13.87853,2.41732,0.00606,0.03666,12.22726,22.38397
"31","2021_Q4",13.79203125,"Up",7186700000,-7.018e+09,168700000,-67500000,-64100000,-3400000,736158922.644279,101200000,-8.2e+07,-8.2e+07,19200000,79800000,9.9e+07,-20300000,78700000,78700000,-19600000,59100000,59100000,1472500000,1472500000,1056800000,1056800000,2831400000,125800000,125800000,5486500000,4846100000,1511600000,1511600000,6357700000,11844200000,4003800000,461200000,3542600000,106700000,42300000,4199600000,4.318e+09,1004500000,896400000,5322500000,9522100000,2868100000,-168500000,-961400000,-9e+06,1729200000,592900000,2322100000,11844200000,78700000,120300000,-42400000,104400000,2.61e+08,-87600000,-116900000,-152300000,1e+06,-151300000,-7200000,-7200000,-7200000,221500000,4407100000,258600000,0.02347,0.01408,0.00822,0.02545,0.00499,4.37563,1.30643,4.10064,0.37209,0.4914,0.487,59.75569,14.37788,2.1502,0.00764,0.03344,13.24876,28.99802
"32","2022_Q1",18.8133870967742,"Up",8.244e+09,-8091400000,152600000,142100000,-80400000,222500000,-122951594.680913,294700000,-74400000,-74400000,220300000,-35500000,184800000,4300000,189100000,189100000,-23800000,165300000,165300000,1341500000,1341500000,1277600000,1277600000,2505100000,7.5e+07,7.5e+07,5199200000,4902200000,1.54e+09,1.54e+09,6442200000,11641400000,3652100000,911700000,2740400000,107600000,42700000,3759700000,4295800000,1053100000,941700000,5348900000,9108600000,2.705e+09,-169236680.019399,-796100000,17300000,1926200000,606600000,2532800000,11641400000,189100000,122600000,9900000,-1.7e+08,151600000,-161300000,-1.71e+08,-79100000,-32500000,-111600000,-1.31e+08,-1.31e+08,-1.31e+08,417300000,4295800000,81700000,0.01851,0.03575,0.02005,0.06526,0.0142,0.49425,1.38288,3.59626,0.36901,1.37443,1.36213,68.54689,16.01589,0.67932,0.02097,0.01037,7.07956,10.02477
"33","2022_Q2",31.1496774193548,"Up",9141700000,-8206200000,935500000,-794100000,-53500000,-120200000,-620400000,141400000,-78400000,-78400000,6.3e+07,-72400000,-9400000,6100000,-3300000,-3300000,-17800000,-21100000,-21100000,1434600000,1434600000,1815100000,1815100000,2893500000,236400000,236400000,6379600000,4955200000,1613500000,1613500000,6568700000,12948300000,4929300000,1625100000,3304200000,126500000,5.6e+07,5085700000,4248700000,1087800000,982200000,5336500000,10422200000,2882100000,-170200000,-817200000,16300000,1.911e+09,615100000,2526100000,12948300000,-3300000,124600000,47400000,143600000,312300000,-225500000,-225500000,9500000,-3200000,6300000,93100000,93100000,93100000,2.66e+08,4278600000,1.78e+08,0.10233,0.01547,-0.00231,-0.00834999999999998,-0.00163,-8.43602,1.25442,4.12581,0.33044,-0.17544,-0.17172,76.01069,15.88943,1.48002,-0.00267000000000001,0.02255,10.69173,20.11315
"34","2022_Q3",31.54453125,"Up",14077700000,-12638500000,1439200000,345200000,-153200000,-1.22e+08,620400000,1784400000,-85500000,-85500000,1698900000,-331800000,1367100000,-131300000,1235800000,1235800000,-32100000,1203700000,1203700000,2174300000,2174300000,1967500000,1967500000,2976300000,214200000,214200000,7332300000,5009300000,1634100000,1634100000,6643400000,13975700000,5.364e+09,1341700000,4022300000,152199999,85600000,6772799999,2012700000,1403700000,1232100000,3416400000,10189199999,2915900000,-170500000,386500000,15700000,3147600000,638900000,3786500000,13975699999,1235800000,128400000,459800000,132700000,1956700000,-211400000,-211400000,-978700000,-26900000,-1005600000,739700000,739700000,739700000,1912800000,3269300000,1965400000,0.10223,0.12675,0.0855,0.31789,0.08613,1.6328,1.08261,2.69093,0.23393,9.92592,9.57917,116.08717,25.95566,16.20703,0.14229,0.23233,0.57246,0.61365
